start,end,active,annotation,start_0,end_0,acoustic_jitterLocal_sma3nz_before,acoustic_shimmerLocaldB_sma3nz_before,acoustic_HNRdBACF_sma3nz_before,acoustic_duration,acoustic_energy_mean_before,acoustic_energy_std_before,acoustic_energy_min_before,acoustic_energy_max_before,acoustic_pitch_mean_before,acoustic_pitch_std_before,acoustic_pitch_min_before,acoustic_pitch_max_before,acoustic_energy_mean_after,acoustic_energy_std_after,acoustic_energy_min_after,acoustic_energy_max_after,kinect_spine_x_speaker_before,kinect_spine_y_speaker_before,kinect_left_hand_x_speaker_before,kinect_left_hand_y_speaker_before,kinect_left_hand_z_speaker_before,kinect_right_hand_x_speaker_before,kinect_right_hand_y_speaker_before,kinect_right_hand_z_speaker_before,kinect_head_to_robot_speaker_before,kinect_spine_x_grad_speaker_before,kinect_spine_y_grad_speaker_before,kinect_left_hand_x_grad_speaker_before,kinect_left_hand_y_grad_speaker_before,kinect_left_hand_z_grad_speaker_before,kinect_right_hand_x_grad_speaker_before,kinect_right_hand_y_grad_speaker_before,kinect_right_hand_z_grad_speaker_before,kinect_head_to_robot_grad_speaker_before,kinect_spine_x_listeners_before,kinect_spine_y_listeners_before,kinect_left_hand_x_listeners_before,kinect_left_hand_y_listeners_before,kinect_left_hand_z_listeners_before,kinect_right_hand_x_listeners_before,kinect_right_hand_y_listeners_before,kinect_right_hand_z_listeners_before,kinect_head_to_robot_listeners_before,kinect_spine_x_grad_listeners_before,kinect_spine_y_grad_listeners_before,kinect_left_hand_x_grad_listeners_before,kinect_left_hand_y_grad_listeners_before,kinect_left_hand_z_grad_listeners_before,kinect_right_hand_x_grad_listeners_before,kinect_right_hand_y_grad_listeners_before,kinect_right_hand_z_grad_listeners_before,kinect_head_to_robot_grad_listeners_before,kinect_spine_x_speaker_after,kinect_spine_x_listeners_after,kinect_spine_y_speaker_after,kinect_spine_y_listeners_after,kinect_left_hand_x_speaker_after,kinect_left_hand_x_listeners_after,kinect_left_hand_y_speaker_after,kinect_left_hand_y_listeners_after,kinect_left_hand_z_speaker_after,kinect_left_hand_z_listeners_after,kinect_right_hand_x_speaker_after,kinect_right_hand_x_listeners_after,kinect_right_hand_y_speaker_after,kinect_right_hand_y_listeners_after,kinect_right_hand_z_speaker_after,kinect_right_hand_z_listeners_after,kinect_head_to_robot_speaker_after,kinect_head_to_robot_listeners_after,kinect_spine_x_grad_speaker_after,kinect_spine_x_grad_listeners_after,kinect_spine_y_grad_speaker_after,kinect_spine_y_grad_listeners_after,kinect_left_hand_x_grad_speaker_after,kinect_left_hand_x_grad_listeners_after,kinect_left_hand_y_grad_speaker_after,kinect_left_hand_y_grad_listeners_after,kinect_left_hand_z_grad_speaker_after,kinect_left_hand_z_grad_listeners_after,kinect_right_hand_x_grad_speaker_after,kinect_right_hand_x_grad_listeners_after,kinect_right_hand_y_grad_speaker_after,kinect_right_hand_y_grad_listeners_after,kinect_right_hand_z_grad_speaker_after,kinect_right_hand_z_grad_listeners_after,kinect_head_to_robot_grad_speaker_after,kinect_head_to_robot_grad_listeners_after,duration_pause,next_speaker,amount_speech
1659630518.37361,1659630520.07355,1,not appropriate,12.067,13.767,0.004519601818174,0.229953125119209,2.38755106925964,1.69993662834167,-9.52542538424123,1.00095321988337,-10.2760020562225,-5.93114731763718,223.512878949725,133.559833519794,69.1222570532915,783.887862923501,-10.0378907632579,0.280270896513201,-10.2937688511008,-8.57109926745264,1.23988372490868E-08,-0.000903295814077,-0.158910807450615,0.02576856059337,-0.279078162037217,0.171665315087039,0.121559975059266,-0.255090128251656,0.02385470300551,3.0312773536548E-07,0.014784131091008,0.073663661166849,0.128156098119255,0.034724384843539,0.088061477610661,0.20377280077378,0.063951442970607,0.371244434414181,-1.87590556063787E-08,0.023706817575244,-0.096017373451877,0.336955475779654,-0.286227353871819,0.060323859027591,0.350443816612042,-0.261703107285693,0.44786382810913,6.28315872023798E-07,0.016157565938374,0.048692777949401,0.073963911744514,0.045807564341772,0.075669290727745,0.06385376486489,0.040659359698472,0.480927010602651,7.5491638791424E-10,1.31696685984877E-08,-0.006857020955995,0.024366500756434,-0.138357667365807,-0.106749089203695,0.050800716407477,0.349435304220448,-0.282733676147661,-0.287007902900007,0.179676617902011,0.056140105198329,0.152290427498945,0.35982996685617,-0.276166156772729,-0.264661909643206,-0.001581485420536,0.427699308289555,3.30267675847237E-07,8.07718245905198E-07,0.013598254881633,0.01351932779134,0.081470082918632,0.070253980090983,0.17281429107653,0.103320590787637,0.056890950509552,0.063562006454763,0.146096754273212,0.074296476560556,0.156687917988352,0.073256768486299,0.089625195563293,0.051512879389249,0.460988714148778,0.483976256723922,1.0536150932312,2,1.69993662834167
1659630534.62689,1659630545.10712,1,not appropriate,28.32,38.8,0.004274006001651,0.159440234303474,1.17840266227722,10.4802308082581,-9.19963629430283,0.863964168878743,-10.2450871580684,-7.06522425030093,193.742941460769,264.357896772111,69.1222570532915,1732.4539781306,-9.10633148964495,1.09124615690697,-10.2163854974137,-6.00513132785663,6.65318665393408E-09,0.002683598695492,-0.149182320599719,-0.028050394880418,-0.300100828754838,0.155316088163311,0.131083275815475,-0.187654835426433,0.268566767742692,7.89081831464211E-07,0.015502920707901,0.091272230685124,0.11999035137603,0.060262157599847,0.15683688477381,0.118364941502968,0.232128680072747,0.392954225791295,7.3687083211161E-09,0.019202682864719,-0.093856547567134,0.220988690557441,0.004555861556055,0.110776540057127,0.24470485595649,0.028318268298074,0.375461006183094,7.87948206341966E-07,0.022589516148768,0.118494408860492,0.141034649067152,0.132149128675826,0.105892624010315,0.137058999335814,0.093847104460999,0.617794367781239,-2.31254732854164E-08,1.90264428611894E-08,0.009272800622715,0.019213066594912,-0.140099241867696,-0.073741538229309,-0.021039908097625,0.215732241904003,-0.341862422054293,0.010464839867803,0.153311874031281,0.103885254002634,0.194088608105719,0.260514131760468,-0.224882400873231,0.015957142808534,0.215503062795834,0.288848238799421,7.56172256350786E-07,7.13391656370657E-07,0.011580895326203,0.025951588197365,0.080014704086431,0.060441803576603,0.149481255955195,0.102955528981203,0.099803516462218,0.087787191765652,0.216343344862488,0.0868428517109,0.259029793196069,0.137233750119911,0.346824891396341,0.137610565435631,0.376796476240725,0.719226917948702,0.75002932548523,1,20.3186807632446
1659630545.85715,1659630551.1334,1,not appropriate,39.55,44.827,0.010656720027328,0.542949199676514,3.70630979537964,5.27624869346619,-8.78817813670967,1.27460306783806,-10.3090485876286,-6.42019466922193,213.181184408812,115.755833384309,69.1222570532915,797.327989856442,-10.0308268893797,0.043385027543388,-10.1575193838419,-9.930651168502,-1.05235055580083E-08,0.011122490768221,-0.149331955380113,0.047485436657263,-0.285352459016919,0.180533259113481,0.205796244261113,-0.276045804037774,0.055824589090125,9.70822420340159E-07,0.030865053323562,0.093301860715472,0.166493795453748,0.069046594736323,0.07756972861464,0.203500115116277,0.152352476476213,0.51441881686127,2.50897563101826E-08,0.021649593767511,-0.086417873250476,0.233756453711946,0.021271897010263,0.11854497109367,0.254927944307492,0.044560679643938,0.379292392110275,7.09036149872351E-07,0.016839202191828,0.07161429630489,0.099098194929903,0.079775110887979,0.093637548819204,0.106989831071482,0.061864057230415,0.716649001782762,-1.15406532538272E-09,2.85857844384643E-09,0.005876431331937,0.021707692588728,-0.146206858308192,-0.076462193849792,0.054504669989821,0.223382478358586,-0.302922104309949,0.021455870654015,0.2446521407785,0.109816382433118,0.192674278565399,0.267374655687329,-0.326091742573924,0.02782624253748,0.059630015654144,0.237434956061908,7.76040553218342E-07,5.9748745923787E-07,0.046098128812782,0.021640733149094,0.188429076036164,0.060617416182614,0.550085248263309,0.091276907013603,0.242071044916073,0.05815909717993,0.255295163186633,0.076320597640111,0.395669769119533,0.09002315045418,0.2172615384823,0.078616686162669,0.983297198359307,0.592385784711805,2.78979682922363,-1,25.5949294567108
1659630583.56796,1659630589.32796,1,not appropriate,77.261,83.021,0.01453298330307,0.577602207660675,5.21352052688599,5.75999355316162,-9.10791562604449,0.633174591722159,-10.2910326861325,-7.47365104104219,187.82484712875,70.8691099647274,69.1222570532915,306.361647769169,-9.87339961465788,0.4115208743196,-10.2624609232148,-8.08514790815519,-6.80736001439221E-09,0.003010621056984,-0.113788974058152,0.10625011744413,-0.219368399716162,0.14266035496778,0.161473604462952,-0.175576414300316,0.238545792397563,3.1925348588105E-07,0.034450082499695,0.111747777184922,0.130354418641468,0.113733175972656,0.173557073761959,0.308439599719823,0.244927602680315,0.578290719388552,-5.78560271734207E-09,0.024196755287557,-0.124236433345755,0.293077368215918,-0.279944861784206,0.06515714710205,0.322216212646842,-0.274778384401313,0.349047014973793,6.77069384034591E-07,0.015747418699069,0.070131126644058,0.072054900513656,0.049761567892288,0.05359969881297,0.060664321349607,0.038326919233336,0.518876755724183,-5.22094772245991E-09,-2.23670139739312E-08,0.003057770916265,0.024271878892297,-0.155101789584173,-0.134928582337447,0.087838182813503,0.29746295226293,-0.236524091483874,-0.276560125194885,0.154180741249792,0.063187629986054,0.112007079986664,0.326220085537342,-0.222569694891545,-0.268819326027526,0.309225074312336,0.345178865374959,2.05968433040593E-07,6.32246835987111E-07,0.021165620599412,0.013097724879823,0.052433874025091,0.039234482496365,0.127070278308529,0.05869072516091,0.052642385722836,0.043310614424197,0.157032603504704,0.048426704581723,0.18946847128322,0.040769924545384,0.114914399821311,0.054887960523382,0.500369128700125,0.318396765775915,1.18006992340088,0,16.8033843040466
1659630593.52805,1659630598.98701,1,not appropriate,87.221,92.68,0.005866955965757,0.307372063398361,3.0205807685852,5.45895600318909,-8.38882093836993,1.82322658455824,-10.1923471906474,-4.05991134002992,222.908574328372,145.358008427679,74.5665838920772,821.347266024548,-9.98295787291856,0.102095910746077,-10.232324777432,-9.73642720113045,-8.77866605528759E-09,0.015322389373261,-0.161230103353386,0.192826722234217,-0.166973700704825,0.190377035552324,0.278075653723324,-0.184063308034999,0.090022373886194,5.70377698526771E-07,0.086088400731456,0.366457573614863,0.43601956910308,0.392942073315302,0.472810891447463,0.680283627929138,0.806106650875169,0.855578951581316,-2.83651594700131E-08,0.021441140451026,-0.117473947452012,0.211129049019658,-0.270336451645061,-0.002816473311221,0.270595146389746,-0.186691592847798,0.330362131267395,5.29378733506294E-07,0.012400577045087,0.103066738167891,0.104891538875111,0.056923136324248,0.081282093601935,0.086028684899954,0.060257444714539,0.549055504612175,2.12940008189002E-09,1.30575513054884E-08,0.00167938584267,0.019185795297125,-0.156295869460665,-0.10100532733091,-0.048478636211117,0.214894311530266,-0.311404936112952,-0.268485925264235,0.235368262406949,0.022342774758252,0.103608926397684,0.266320337922431,-0.201163922657141,-0.188691074067399,0.251190596937817,0.267142618428598,4.21375565627647E-07,7.70205112359772E-07,0.017966868535335,0.015794995705013,0.073283655695167,0.131517688013105,0.193689952482373,0.152596489754436,0.078128395011872,0.068085294469028,0.180631059304716,0.096887830855421,0.233285819942772,0.088636103763146,0.237877010753682,0.084406126148258,0.40383167373704,0.477928456998955,1.78383851051331,0,25.0523872375488
1659630683.93761,1659630685.00682,1,not appropriate,177.631,178.7,0.007900074124336,0.587770044803619,4.61005163192749,1.06921076774597,-9.09882370649344,1.20612219626057,-10.3363749604082,-6.07573483066327,230.897114182381,110.833796687009,69.1222570532915,856.159444834975,-9.5613313065636,0.901069086423319,-10.4072267276198,-6.00049010803666,-1.49594673775592E-08,0.000374734720701,-0.103353343461518,0.158015006463304,-0.161045656892075,0.203226050265837,0.18966162252768,-0.293447710528356,0.203964233717705,2.77358807410868E-07,0.035154663558497,0.194245077674716,0.277277250137321,0.084180485255661,0.109334112518261,0.352533626226959,0.256965314159374,0.508385541861265,2.91136061719173E-10,0.016965093769486,-0.158444235832975,0.195931554998082,-0.291601714491682,0.038860996515882,0.256000315857682,-0.234272725591255,0.268720243708331,5.72132463192442E-07,0.012042847007887,0.121590231843724,0.087667394001731,0.093587535354463,0.084376925625319,0.067157388419876,0.045251767215871,0.303953500443625,-8.83980096738445E-09,1.91164497914138E-08,-1.25229096641438E-05,0.016417407012601,-0.132552828891239,-0.145754767301611,0.239501694668849,0.227522475303895,-0.163281272775031,-0.287319250251949,0.147509272788485,0.045974444427706,0.076642668769748,0.261986721639779,-0.237909517323792,-0.230298882520823,0.230031268830045,0.342331497576145,1.90548797083374E-07,8.23127219432402E-07,0.015843342983518,0.012971896725804,0.038633477596536,0.068122036122713,0.120098416362087,0.093713294135056,0.064289991843301,0.07067481913767,0.096059725820334,0.12485174603652,0.107304753963217,0.076856465043046,0.070945030260958,0.058346351912472,0.459383464701077,0.364185614267921,0,-1,105.610009908676
1659630748.98837,1659630750.33823,1,not appropriate,242.682,244.031,0.026317255571485,0.731673121452331,5.61875104904175,1.34986209869385,-8.45557654901051,1.47453512746311,-10.3079666251064,-5.69692956324799,280.110305261166,145.331094588132,69.1222570532915,764.474995546565,-9.52572879129885,0.592450898744255,-10.4706776486063,-7.82390605648799,1.23707062629367E-08,-0.005940315445774,-0.205355254327402,0.000853432515152,-0.29728403646538,0.167517863577219,0.145689171747052,-0.239660600889197,0.064324809300605,6.43905246144452E-07,0.02057054437686,0.057796637276288,0.183905340127849,0.06642932567585,0.206962438493975,0.200488261792305,0.165822577772091,0.572166136464156,1.43113313601273E-08,0.008346872897614,-0.020116797617956,0.256576446803171,-0.249284259705287,-0.066616714810078,0.231751581425241,-0.178497663673498,0.325269019284771,7.83329561656614E-07,0.021977666215592,0.054121321569136,0.096956942400748,0.051501718920124,0.065598849492478,0.089650475689505,0.068240705656576,0.42924947616958,-4.85513594270821E-09,8.18486757939611E-09,-0.005540514079357,0.009509360375786,-0.133666765971516,-0.036828240885304,0.02185191931395,0.244767330054208,-0.300220626568826,-0.243931849281516,0.165776014169607,-0.059900123481233,0.066498751563258,0.224572412650365,-0.181397884287402,-0.177842115499157,0.204917400684716,0.256025516353358,2.78123436012118E-07,5.95218279612117E-07,0.031328809891479,0.014837072767057,0.100712739907464,0.051100586823353,0.189084123482888,0.102441271315609,0.132327917846422,0.046880228327045,0.130754426310465,0.043443525218856,0.18002867522939,0.069763427098223,0.193680177310829,0.048285539839242,0.388096966079358,0.337713922086099,0,-1,43.2704472541809
1659630761.00439,1659630767.35627,1,not appropriate,254.698,261.049,0.004925084300339,0.326608628034592,6.29271841049194,6.35187935829163,-9.56466200825556,0.608936424353345,-10.4001104195417,-8.42423878808511,254.81752513877,268.269603793451,69.1222570532915,2205,-10.229235269888,0.072295169975581,-10.4820486948659,-10.0594819376356,4.10689605083582E-09,0.022736906924179,-0.196656357818702,0.135260776058416,-0.36582958970364,-0.022357947404958,0.28590445426419,-0.265268042243765,0.116603370400399,2.53575094763992E-07,0.023000051427113,0.169401768409828,0.204572510099938,0.087752858392557,0.288052519255266,0.202170704652457,0.135944567964449,0.448364659584694,4.02843235919863E-09,0.008272385045602,-0.018474800712123,0.260090786477898,-0.240788996950724,-0.057818163864785,0.24504040158676,-0.173964656927298,0.338341256380833,7.22260544778822E-07,0.019562186780586,0.052506427071382,0.080456755451345,0.045137989240341,0.065418244377369,0.069022774412766,0.067426017789619,0.437911532981643,5.99280468797701E-09,1.28202651192199E-08,0.021835390128681,0.012163958553037,-0.189516807278156,-0.015681151890084,0.13543862335484,0.276621842088975,-0.364435547317326,-0.257323815427861,0.012939948609401,-0.052068994989913,0.305986651640938,0.248457393198555,-0.259649076251697,-0.182868035168959,0.127539846202725,0.268982544736595,2.18321427892653E-07,8.08172984739932E-07,0.037014981113902,0.021063197247825,0.088876242187508,0.037100463022275,0.163850476554129,0.074149969658734,0.063680550101054,0.050841108302387,0.239441043510372,0.063299763568609,0.152802698383612,0.065472985496269,0.221181662149598,0.062884979959624,0.771875947805869,0.352363483203638,3.44118523597717,1,6.35187935829163
1659630770.79746,1659630781.30178,1,not appropriate,264.491,274.995,0.015788566321135,0.768557965755463,5.55133438110352,10.5043289661407,-8.51901371757346,1.07123169841781,-10.3276751711058,-6.11539533959112,239.239353551631,124.266233762683,74.2230574729681,1168.55194134256,-10.1838849532744,0.063610589485925,-10.4014721306199,-10.0380430951121,-1.15091656456075E-09,-0.007547569019864,-0.135909567669767,0.119543440301648,-0.215587552407375,0.093997983808754,0.157187006547865,-0.139978451271204,0.025683815817184,2.33721213498874E-07,0.032506584541245,0.144558956817536,0.217425189543333,0.139118664925866,0.103161973249867,0.312177840410952,0.15506972895192,0.390469442763565,-9.1914464346095E-09,0.009949197813198,-0.00259662646165,0.244264388794007,-0.275669037608477,0.010808002700235,0.033727980941697,-0.240343749962488,0.470124774802637,7.32393730716575E-07,0.015928260540774,0.04750683489603,0.06064704990498,0.030670658482019,0.045351217837922,0.09376196902127,0.049263991587892,0.419769411446104,1.17312443433328E-08,-1.54335636296055E-08,0.001475261284072,0.008410371498986,-0.219441314533333,-0.007328029818799,0.155444648723958,0.240567491506607,-0.29632723850938,-0.280991918992575,0.077737082125317,-0.005833615926156,0.305447475037475,0.009983396422789,-0.256862424014699,-0.24481796655213,-0.000684317620229,0.264406430312855,3.3910931731686E-07,7.39306475452245E-07,0.045218098124158,0.01168424561701,0.139091223516182,0.032688004120454,0.364634228860584,0.041664126315051,0.298125497625496,0.022973484588841,0.336195107918405,0.08374469487396,0.362495360381539,0.097890856067182,0.540524665754951,0.057334737947423,0.3190004214734,0.327680099149719,2.44676160812378,-1,16.8562083244324
1659630796.45919,1659630797.39218,1,not appropriate,290.152,291.085,0.012780954129994,0.6771639585495,3.66556358337402,0.932982206344604,-8.43312835289503,0.852255164538816,-10.3586594149433,-5.20071567373703,209.682607742696,88.5472893551378,84.3164447451556,446.179787394371,-9.59962153263835,0.540508762630543,-10.2868348987063,-8.05306244430758,9.43789899100095E-09,-0.006177187344452,-0.168019968907625,0.13885605165795,-0.253355073271375,0.119932094457075,0.203018156109179,-0.164548878050823,0.096118551021268,3.41290899397306E-07,0.039612295740896,0.13717267538449,0.34156609161219,0.214907113343181,0.203599955611293,0.247150752305793,0.279482004777656,0.894502504683278,-2.84676160691095E-09,0.009754866545898,-0.029861477171082,0.23216314380632,-0.270889649128358,-0.008036838304256,0.018484147967344,-0.255634833059197,0.363799579709404,7.17957807242191E-07,0.016504766393807,0.027718338474566,0.052052374319036,0.030701536462458,0.105867693325848,0.079225762102422,0.062463401520099,0.431959666060962,4.00551125031731E-09,-1.4564722155033E-08,-0.000716285412545,0.013475117257973,-0.132979405797013,-0.034060699911219,0.158820989553827,0.238478813130972,-0.215991128169003,-0.269892444448549,0.124498277988743,-0.007465571878296,0.198150616714575,0.013309851125809,-0.135466460115018,-0.254258504161829,0.117711314086222,0.384178701397641,2.67525266157716E-07,6.96514377069077E-07,0.043164923538822,0.012152453946798,0.134260066709795,0.037596616214284,0.277496442505524,0.052848100118019,0.161794112516248,0.026461225898432,0.188962012232098,0.081087013017363,0.201887449212769,0.092159215611523,0.183476696642659,0.048206496804026,0.532444709508442,0.425422395657669,0,0,28.2337815761566
1659630832.12285,1659630832.62284,1,not appropriate,325.816,326.316,0.006126978900284,0.554131865501404,4.72308206558228,0.499990701675415,-9.72888584890899,0.648583508408282,-10.2821781787235,-7.51061446998038,179.06925671726,121.516399809331,73.3350959609483,997.394291109573,-9.69046265398724,0.458880732804458,-10.3295891863545,-8.64160145794553,8.25858334681702E-09,-0.001205858361348,-0.172886872589834,0.297138843609294,-0.151108637291465,0.152807346704018,0.225604378182055,-0.220651746161636,-0.0032573757235,2.49989355229264E-07,0.017399482788474,0.046344291067678,0.184100879099582,0.109929318704733,0.091063214268184,0.148042289517292,0.071151724411416,0.262819746871395,1.30502492540029E-08,0.025747230862499,-0.135107862090655,0.294145145103487,-0.306067496383575,0.123751041575622,0.111782229836838,-0.349788693193468,0.404383953787742,7.0385925651151E-07,0.014904312008911,0.064790683850356,0.120344256331404,0.045686255886567,0.07086734268449,0.079693513573855,0.054776803292176,0.398116410495364,-1.08870331611895E-09,4.48132813653112E-09,-0.014868328411657,0.026471644300991,-0.161027811410246,-0.128827311982624,0.131714029426883,0.298829088342756,-0.279114852163911,-0.309044570176585,0.076343887565144,0.126094030883152,0.160719574605283,0.103277144917796,-0.178156538173592,-0.352746283605982,0.056045405321938,0.311248663869889,2.4081689973378E-07,6.41279541303623E-07,0.027049913233163,0.018146548665321,0.11402001573062,0.087580544288237,0.170848611435666,0.093112047331138,0.144717153170151,0.047775070924193,0.114213916241074,0.094523237095302,0.172473956947995,0.10808552046477,0.152102044957638,0.060260163124336,0.66283914878317,0.315238913719022,0,0,63.9644365310669
1659630873.75516,1659630874.35692,1,not appropriate,367.448,368.05,0.001642913674004,0.092763833701611,1.70969939231873,0.601759672164917,-9.51304564276962,0.814086928046519,-10.2868657718454,-6.90189727653564,172.890241386364,99.3075938366939,70.2638617442097,642.924753581646,-9.44634396119722,0.60221894972409,-10.1709674933831,-7.35402019271077,5.20316569399996E-09,0.002556550743831,-0.261808208329905,0.131241723912868,-0.295561479075455,0.084686585942481,0.168734533949629,-0.182954658176978,0.271214854889136,3.24241328438973E-07,0.022772649994065,0.290656670084714,0.660145774523677,0.369766106674858,0.124667440146847,0.356665371950826,0.21223168559982,0.522808577314801,4.32972214174788E-09,0.018769035525155,-0.126810882600997,0.363953114738898,-0.275751526651501,0.059491361463741,0.334643744254129,-0.295684474833661,0.461502707143811,6.37348301137191E-07,0.018925211509982,0.071404306168254,0.09169462637795,0.09345181811653,0.0661436327841,0.077234812571675,0.061861197893661,0.52641440956784,1.08647268243044E-08,-1.20137409957475E-08,0.012907924796839,0.022886070180029,-0.247443409980786,-0.153300931735659,0.047267943202686,0.30710243234754,-0.389770689149882,-0.27876006043149,0.043655889967752,0.081716615362592,0.285826299673393,0.311334058409556,-0.063384607887562,-0.308450528973965,0.159488403763805,0.344707376126396,4.00999958760751E-07,8.26893686986337E-07,0.017209706655137,0.01985480963706,0.134623129543622,0.105190237450613,0.258410473867341,0.122998620237009,0.130902403156919,0.126556735513084,0.124447573324021,0.109190304923147,0.155833069000801,0.09370988721224,0.124435033073217,0.087874196388499,0.36743457090435,0.434070320852679,0.335273027420044,0,103.020194768906
1659630923.35708,1659630940.91216,1,not appropriate,417.05,434.605,0.001970098121092,0.14802086353302,2.79261898994446,17.5550842285156,-8.92331962096529,1.56139564322812,-10.3459328606272,-5.8338830226353,212.432975842684,221.864523684928,70.8729730828368,1849.1398374595,-9.03867714136901,0.784073360853725,-10.3200829047697,-6.38499560980927,9.72436868663626E-09,-0.002728028376019,-0.03091752279549,0.189987667410461,-0.029431802106246,0.270935700440627,0.186024879159559,-0.178431663817531,0.255196066625493,7.11329383493423E-07,0.032007858653651,0.35842087202385,0.191509630944307,0.178450601497521,0.335439224394386,0.382524731693749,0.248028728514783,1.07282027033785,2.0116379203982E-08,0.005541939747951,-0.040701966213251,0.201124724247279,-0.201657798946633,-0.084144472888359,0.204411729791115,-0.172998481870742,0.337968251071411,8.47296419165984E-07,0.011828489532369,0.085893196288065,0.079193091735734,0.104344708172712,0.073114680096199,0.064389758194008,0.078377774410358,0.40802131646359,-1.35180297466594E-09,1.5571878383521E-09,0.015298784997862,0.007619818010944,0.092624626413175,-0.005797160748451,0.152444408713514,0.217815668781246,0.073240395750354,-0.198068344647716,0.124531670882574,-0.065925743793745,0.37240073278743,0.216638234479871,-0.190960759655977,-0.174437583076027,0.09410377484902,0.341727457845112,3.57218430385417E-07,7.02506859078126E-07,0.053721625732226,0.014386607736907,0.062879134299182,0.043343454096727,0.129216352081712,0.073320705252086,0.115432502542814,0.025553845876277,0.182685558040368,0.041138809260772,0.388337810496283,0.06264234127004,0.264815400536778,0.035051787001679,0.342298619546482,0.431430705328661,0.95973539352417,1,168.440276145935
1659630941.8719,1659630945.22317,1,not appropriate,435.565,438.916,0.010109410621226,0.321049779653549,3.31735324859619,3.35127711296082,-8.50438470478243,1.20743375306804,-10.1510636491246,-5.68894095336983,231.805815372051,219.229170132264,69.3357814023491,1672.67456185122,-8.8962365706006,1.117773666622,-10.1777389612171,-6.39959059818605,-1.4947569400874E-08,0.004888847623645,0.021385035227715,0.18795424762025,0.01654156567456,0.186719828925853,0.249405012968631,-0.210116436923525,0.166939041847396,4.24215754620145E-07,0.028659490124668,0.118622821798771,0.102735789163494,0.070177470328148,0.135022076128959,0.238496308175349,0.12251798126672,0.451920308538484,-4.87171397130092E-09,0.004897738043116,-0.017660886690354,0.224322866951123,-0.204555324148214,-0.073252934959765,0.219488506569891,-0.173647818535145,0.322039384986017,6.59428028895891E-07,0.018247455953555,0.085284940766902,0.082172698132096,0.057640380194729,0.094918971482581,0.093562912595046,0.081741225056359,0.339272555686091,-1.00320236562368E-08,-2.11167138882445E-10,0.006927872120593,0.011133522836303,0.062622066584766,-0.020462516731393,0.162515880026766,0.210335402080842,0.013892999783431,-0.207763188563882,0.113322909503232,-0.065967271418312,0.314789621059032,0.220465629042572,-0.226614147144699,-0.197092937991318,0.156916622719177,0.372006248777996,4.54266823467026E-07,6.30445265861156E-07,0.011931592787898,0.017297463483913,0.104703606549368,0.069762150904071,0.167966541009021,0.105637568610436,0.072690334985609,0.061513768161446,0.112893038991057,0.068823059773003,0.276948415462686,0.066438183324851,0.220939894784967,0.056366686945593,0.203760846181074,0.414461534403308,0.789151191711426,1,171.791553258896
1659630946.01232,1659630949.62199,1,appropriate,439.706,443.315,0.008737047202885,0.528071641921997,3.48494052886963,3.60966730117798,-8.59881224912863,1.25348475776672,-10.2415815164835,-5.48373387436901,235.195986552254,189.056510727812,79.6005500226699,1210.40733099405,-9.99560760863225,0.356081899630152,-10.3462729883091,-8.23955921461397,-6.98184718283373E-09,0.004499642050741,-0.10326416903714,0.197668763370011,-0.214305906581063,0.146470507880363,0.331904695915894,-0.205840347002401,0.117685147478132,2.79677294495678E-07,0.018849095262892,0.273406216330856,0.211759791297226,0.256623527573304,0.286197651248732,0.311209560065878,0.396592977682104,0.767165570324293,2.46118341656708E-10,0.006912836304813,-0.042992088360738,0.206383313095595,-0.201516836875256,-0.083023398455257,0.216849500028522,-0.189650896942053,0.148783452439424,7.84621303732405E-07,0.020696198306608,0.088873366381597,0.078331675279102,0.062505381141012,0.069089018583437,0.062634091799918,0.05801539837714,0.482699136316608,-4.5495893710723E-09,3.63154850187868E-09,0.006192898776057,0.008129264064137,-0.182618111922368,-0.024396709924243,0.145003764492105,0.243526412658403,-0.317024290320754,-0.197150939714101,0.17820438613678,-0.077195168174691,0.236944007564969,0.213901060304303,-0.33198036572046,-0.162406986896463,0.014404714497252,0.13492752922972,1.0919738937641E-07,7.07174707034282E-07,0.026673591415229,0.028039023243395,0.16610591909351,0.260184959969751,0.363381139145126,0.10493735076191,0.318997170118966,0.217157615062619,0.162294445116797,0.267792253480352,0.234466188034634,0.130691086114746,0.129887632107752,0.193547440529143,0.536158254995823,0.410914152579602,0.136460304260254,0,175.401220560074
1659631022.71578,1659631023.14265,1,not appropriate,516.409,516.836,0.001794486306608,0.372670233249664,1.18683588504791,0.426870822906494,-9.82440303695592,0.274508964418988,-10.3098962988265,-8.65838365266323,139.839523170957,98.4082341887958,69.1222570532915,897.842781759717,-9.68785509071065,0.603473727352273,-10.3095262977281,-7.7179091039962,-4.90219177795928E-09,0.006848213462868,-0.195247113214384,-0.118135143008235,-0.347797327106299,0.168985259503254,0.071697854309125,-0.156051254568008,-0.110877920531091,3.93008038951025E-07,0.012534763478641,0.054424397090671,0.096086176545156,0.046013323990081,0.045218149276942,0.03334724353171,0.047699103557549,0.559886620914712,-2.93097406246823E-09,0.015747413825467,-0.141245496022338,0.265217831399695,-0.278274034991298,0.04106275832253,0.290401778140754,-0.183855251538382,0.275400135897504,7.15850141534575E-07,0.018789670544436,0.095095833078419,0.159078460022745,0.087791859223257,0.078371789164835,0.104509634517174,0.076701786440271,0.362433490544263,1.10817884424463E-08,7.2695517015887E-09,-0.008446537574569,0.017311896829813,-0.189827282212866,-0.123135572818394,-0.1292764027799,0.309163461721278,-0.332356704342991,-0.262071162058327,0.173258130256825,0.047172314395127,0.098662677493496,0.306916654789159,-0.163263615620989,-0.193424282894671,-0.004614043617361,0.286450751548827,6.07217374404669E-07,6.40311716688206E-07,0.012955675051635,0.01787138040641,0.105428655134856,0.063306891461419,0.129066452165392,0.126904167530158,0.083542924233484,0.069378596693529,0.085210575654837,0.095639948470988,0.086464398357407,0.100719457001731,0.084596088989191,0.082841841315614,0.421384570642894,0.42841995571468,1.18476796150208,2,5.06555485725403
1659631041.35406,1659631062.88939,1,not appropriate,535.047,556.583,0.01290266495198,0.474946975708008,3.15830206871033,21.5353269577026,-8.5884945177892,1.20876591392104,-10.2801367063028,-5.61809442205915,251.75599916632,217.957366873284,72.1893896743871,1854.49925705379,-10.1798359381498,0.059326524516524,-10.3476133752548,-10.0621066029229,1.34776635801569E-08,0.022795379300793,-0.061858792754331,0.248082891686404,-0.218986514046619,0.229830209764082,0.290762389520272,-0.36412499820393,0.084773208618258,2.75054376376644E-07,0.049533427242886,0.209909987732575,0.22449492096712,0.197785852568407,0.223810114180555,0.290262783973409,0.229694917177777,0.340755074543985,-1.05523111905068E-09,0.016281459988732,-0.143330614401054,0.281827134015528,-0.268863837708902,0.069306651152108,0.228317038946352,-0.249067411012185,0.350733573301379,5.20162254831846E-07,0.015346254119448,0.061982260626205,0.100415591872171,0.052093271215968,0.078463891594652,0.075644548182149,0.044966541751872,0.38751408379861,-1.54363473616318E-10,5.62578791192547E-09,0.004295810614883,0.015632356084522,-0.253213370095496,-0.138167063720379,0.176794098806467,0.299448224787972,-0.249132159218281,-0.266424145698758,0.160049909965766,0.084345082799355,0.178007672005061,0.231515302896369,-0.246637170132828,-0.251807067860017,0.126863691043857,0.275463189645309,4.87752504389252E-07,7.86962980324524E-07,0.027229465474703,0.016079885903742,0.162313661038388,0.063775301212865,0.204057790423613,0.101061775488263,0.139817570067613,0.057337556113811,0.171074172421673,0.073536831463404,0.263018330994537,0.077853022790363,0.180497600286576,0.048353512852783,0.347608309063792,0.339261338071086,2.39008164405823,0,34.1582350730896
1659631198.96326,1659631200.95042,1,not appropriate,692.656,694.644,0.005690233781934,0.258396029472351,5.28432703018189,1.9871551990509,-8.92806225576804,0.399891996714873,-10.3166929406735,-7.04707268627689,236.291839457843,243.439460656813,69.1222570532915,1295.00961493474,-9.83245930524708,1.09004522113959,-10.2563052416894,-5.00050415026456,2.6047989929875E-10,-0.006171662075987,-0.171710162984494,0.066797736137235,-0.232720658337035,0.150211698467544,0.092921028770629,-0.260453282895987,-0.060166553374512,2.91318593948349E-07,0.038331126083647,0.088113414187706,0.263915137611518,0.103841699876899,0.216382262499842,0.36255285538647,0.370204634535911,0.496930492059472,4.85844424055659E-09,0.009394381777749,-0.12349398792249,0.300129386622745,-0.200430585324861,0.083702095929572,0.276304145411006,-0.188307189884081,0.283481863297107,4.81969930202818E-07,0.044421436753719,0.125165649656341,0.138305503484653,0.139666119910726,0.120366030117367,0.16509333079343,0.134059655435692,0.497982037598558,-4.98811451328384E-09,-1.43997299724822E-09,0.007902869323765,0.017454058805751,-0.159709537317226,-0.068661094195071,0.169302762019677,0.308511940933608,-0.223041391102235,-0.164319642073716,0.211349395409232,0.136604108885441,0.198526028373906,0.347054006857667,-0.356486725157959,-0.118735135989381,-0.002176709122522,0.258741934196498,3.82425083261822E-07,8.32269999375564E-07,0.054611625171525,0.015892896584054,0.193530640422347,0.088181057890889,0.366271293321183,0.09032372813786,0.295792404056663,0.127297388296904,0.35699502887435,0.098935559560969,0.516042357656068,0.096372399290309,0.632649842740015,0.093854109802346,0.272873725145809,0.31800267770189,1.89231371879578,1,2.62096357345581
1659631202.84273,1659631210.1936,1,not appropriate,696.536,703.887,0.016541903838515,0.390929102897644,4.47330617904663,7.35086631774902,-8.4322424098957,1.39973158298134,-10.221938387624,-5.81073614514404,208.991455705128,103.778544205769,69.1222570532915,714.369418995799,-8.87785177511063,1.50359404970044,-10.2720124916483,-4.331863032508,-6.08041269186306E-09,0.00574041494183,-0.161155484082173,0.216029205118746,-0.239396646762164,0.058217827817926,0.258744534300545,-0.105871834025028,0.129906231917413,4.49938371143193E-07,0.019367151133699,0.178626116386249,0.228720005063662,0.203581925279231,0.119021851540662,0.170924969147606,0.137277062500353,0.318358155565303,-1.05360295408811E-08,0.019381255887128,-0.073833871796461,0.378424860691414,-0.111750656991415,0.118607232136222,0.433458754609165,-0.067753137457659,0.380976505546858,6.17073141649603E-07,0.022227239563699,0.048184151992021,0.056107998995374,0.062526449242417,0.064710675398356,0.050238162720784,0.069592165562994,0.3834002870671,-2.15397446704354E-09,-2.00506698021356E-08,-0.002577020492217,0.015123852064419,-0.195538790197795,-0.100070678157968,0.088836470757021,0.3986878803954,-0.343666211703554,-0.086597573934425,0.041605515087612,0.104514265919606,0.243416533645219,0.428596997302029,-0.126004405775918,-0.060601164995785,0.134214440057301,0.427942112116083,5.8322672420635E-07,6.68444988165621E-07,0.01789467983209,0.026072512780803,0.312532309599737,0.092667216409562,0.363096747076087,0.117311435444997,0.308645184939622,0.121812734784003,0.144953866731492,0.095328509108516,0.157932280685603,0.149466042199228,0.32272597486662,0.117746671573471,0.395687163374639,1.29016815376804,1.72982406616211,1,9.97182989120483
1659631211.92342,1659631218.90071,1,not appropriate,705.617,712.594,0.004642680753022,0.378716319799423,3.19877743721008,6.97728228569031,-8.91993529872637,0.969059483042506,-10.1606478984538,-7.23431908136058,184.173183458086,78.4925509730876,69.1222570532915,392.526532263,-8.96373563607376,1.55009410464373,-10.4873118605276,-4.43117298618707,2.48112850292019E-09,0.036783569860546,-0.215226474948537,0.286791205171762,-0.26710108666676,0.275812121485131,0.35817570680801,-0.340058751266822,0.125141329668048,2.31207969752035E-07,0.049585505118413,0.254220009499404,0.35135764890019,0.32344248077711,0.271093624752936,0.377259445152899,0.272860053618702,0.434617717863107,1.4411378214441E-08,0.021177123561993,-0.073746062035086,0.362682322127766,-0.135436294142039,0.103848082657488,0.384404084622066,-0.135379427517376,0.268611836091427,6.37997006231368E-07,0.012200969218545,0.046021968577726,0.047163692855103,0.048985246437374,0.052443425325686,0.047789128282638,0.063691165823267,0.35476477733436,-7.05052181780888E-09,-4.98965257405609E-09,0.019482419666492,0.021912853067556,-0.221144589587758,-0.082694337448637,0.034136199438577,0.375179855583402,-0.368502784684194,-0.116233102801324,0.087434899334793,0.091861071432632,0.365723224682847,0.38168531396915,-0.283989292251044,-0.125559992194818,0.100534436402929,0.158195680326181,3.88494312846039E-07,8.08827321743238E-07,0.041943737272723,0.010804359156122,0.18410489744655,0.023763277683565,0.358193315941462,0.029719615644507,0.178897516299282,0.037239313887072,0.373174285737326,0.061599263726864,0.336708165688342,0.066045514817032,0.438917272072554,0.041020587584831,0.751343506556376,0.35990054532197,0.150285482406616,0,16.9491121768951
1659631220.30074,1659631228.88089,1,not appropriate,713.994,722.574,0.017877023667097,0.436883091926575,2.91576099395752,8.58015131950378,-8.97347380763535,1.07519052575772,-10.2617871380792,-5.78265224409942,321.490697324307,390.857073832883,69.1222570532915,2205,-9.35269484062257,0.756427454110583,-10.2924538086567,-7.3248241982021,4.95503074234598E-09,-0.007107117430384,-0.281408717066783,0.075803805929497,-0.331693335410334,-0.001320760306372,0.109430864113693,-0.187712974844918,0.043646735952309,3.3904411238278E-07,0.027356589829785,0.123315460624312,0.280540723338014,0.134308060844255,0.221752893617117,0.24100876586383,0.140950431418337,0.265257558790568,2.53130209551936E-09,0.022956738046556,-0.063345817849928,0.353594666465788,-0.117694901732236,0.098013941199166,0.386146582944687,-0.133235200317331,0.256604774123553,8.25804534547096E-07,0.016301615582574,0.049463124713963,0.04622132847003,0.053307828198512,0.047839403435827,0.057844724797002,0.056127930471748,0.327292131407597,-8.835888694549E-09,-6.70803026267116E-10,-0.003304385465871,0.025277871177563,-0.293572798884711,-0.06501721611092,0.069629442172214,0.345631098312358,-0.345802345560453,-0.127585217269963,0.007131053507667,0.091475816048841,0.205810277960253,0.390455495598705,-0.220772629939673,-0.12627669488694,0.063345342729137,0.217075193216857,4.99839509716049E-07,6.61190770768052E-07,0.013643944288876,0.011452370975072,0.197008691249477,0.038878658120502,0.286859245886747,0.045642768562218,0.146913935823021,0.061659800369857,0.089959226415986,0.048966531984387,0.076407713070218,0.088809321722941,0.076325298047914,0.068843095576452,0.284487863518638,0.288143777712781,0.807168483734131,0,26.0105209350586
1659630521.12717,1659630529.26568,2,not appropriate,14.82,22.959,0.004476577509195,0.368299126625061,1.3698114156723,8.1385133266449,-9.28248947283254,0.896752557387253,-10.177315094535,-6.81901277326868,272.111266118929,279.513770867241,69.1222570532915,1178.18271849278,-10.176976833067,0.007970119583072,-10.1920022936138,-10.1582119617001,-3.84633139496255E-09,0.032810448439084,-0.138372582917412,0.256276065631898,-0.277041666018391,0.109657148516564,0.354947934287776,-0.279595743272975,0.058201912210359,5.24820470841841E-07,0.016742878756696,0.045176366099713,0.046178001246422,0.029187948475847,0.045213461626846,0.055750793302666,0.044416634791984,0.401591837698353,-9.72888878150813E-09,0.003014812886925,-0.099608987730931,0.33146830450105,-0.231674509751708,0.103516090748932,0.309959205582848,-0.212268456023894,0.409527762330264,6.6964069891709E-07,0.020052777179671,0.073044119817789,0.128777930503495,0.080218775870033,0.07914958502555,0.100555978896736,0.06591575873348,0.474154927887294,2.06141941312553E-08,-1.59714296483545E-08,0.02651590048418,0.009776079227701,-0.148454076031017,-0.116531193743223,0.276921544911513,0.36723656099192,-0.265317043418752,-0.194978562684133,0.102217363215902,0.091834258237308,0.347261896974397,0.294350625765825,-0.267756578769225,-0.193579972003537,0.117935955745608,0.342811855652073,6.97179388767135E-07,4.48040653188649E-07,0.017830641325966,0.014109128533821,0.030221542941283,0.061514210772434,0.04856023959606,0.090113260291338,0.028149597545972,0.086599671039088,0.060253685678381,0.060904065944459,0.047383580839467,0.094137096389363,0.043658585565433,0.073602379285028,0.335666501701485,0.392208061345873,2.60116386413574,-1,9.83844995498657
1659630568.34731,1659630578.96776,2,not appropriate,62.041,72.661,0.0053452225402,0.420624703168869,2.00845670700073,10.6204533576965,-9.2803393405036,0.857305099788409,-10.1221248197496,-6.7480985193163,253.172842212513,324.369475534243,70.4427613176151,2205,-9.96904797386726,0.005445884366705,-9.98526023325024,-9.95239144400326,7.22493908920526E-09,0.02910166546938,-0.135342423471911,0.232932238772189,-0.280473986580466,0.141219170015629,0.339207452817256,-0.274692367177343,0.066747174515145,3.3568251427267E-07,0.013924175312283,0.05518779386133,0.088952659437534,0.042248323814588,0.039186757166398,0.051920586878937,0.036304699159846,0.410635458129498,1.24312572037341E-08,0.002991161350367,-0.127943352818684,0.251397247317651,-0.246492414921557,0.065803427436453,0.23846892322854,-0.224717452403959,0.191713623792398,6.46405588865398E-07,0.028254995344291,0.171590373214132,0.221394979425974,0.180871650520565,0.134324023952296,0.238518178216902,0.142126715614788,0.772112089039443,-5.20736672420467E-09,-3.99062229229327E-09,0.02719929488236,0.007398164709165,-0.154324488461929,-0.100230874131303,0.235313096700304,0.297903363201238,-0.274985555892754,-0.225921749911366,0.122013021347577,0.077113008015726,0.323182113550156,0.273706079732215,-0.280878369620288,-0.261922893541289,0.077110606434711,0.348648001378702,4.37362961498179E-07,8.07507876150707E-07,0.010258291319205,0.027523575493183,0.059675369622763,0.110431373917508,0.056062305178015,0.18948874580373,0.030861210421232,0.179323701058998,0.033701290774404,0.142891311398763,0.024500476395519,0.261547528991746,0.035890029542168,0.175588474654619,0.282635112693537,0.406142172420627,4.60020351409912,1,11.043390750885
1659631017.30042,1659631020.19666,2,not appropriate,510.994,513.89,0.003365848446265,0.342021256685257,1.56019496917725,2.89623975753784,-9.31412514363893,1.02571048627233,-10.1905102245344,-6.99828878951468,271.084278597791,344.84501281239,69.1222570532915,2205,-9.37863820943685,0.773024499047392,-10.1062912881249,-6.32763229284804,8.49203802819502E-09,0.026750012761283,-0.176482879794154,0.191458254504803,-0.249176906538569,0.148069998300965,0.193632712883049,-0.232006387447849,-0.058100019083412,5.18027004412952E-07,0.022101397112373,0.131730024331865,0.145602887338896,0.10727771019835,0.085266228601451,0.108422602864914,0.048130946834632,0.287410675072894,5.50531130718854E-09,0.009912921616542,-0.149268653391828,0.098596706150059,-0.306839176461675,0.101316489977821,0.187497897822261,-0.222886322068728,0.346650789411664,7.53830626413464E-07,0.010066613738733,0.113934524527081,0.124658238010329,0.06799767207734,0.064524691884779,0.142010526385312,0.0942026737435,0.447215223074873,-1.65182827855005E-09,-4.83821747898269E-09,0.023467063314641,0.011630645293417,-0.190273922438259,-0.162953319220717,0.144849560562575,0.100444243939679,-0.2850436517181,-0.312047963125358,0.100846303509189,0.093931372424437,0.222564445745763,0.172617760330943,-0.168811856736231,-0.217251260774311,-0.019837137173859,0.291252606856229,3.76784512254004E-07,7.63414664065062E-07,0.022270774467907,0.011876330080893,0.109170311407434,0.080218770663032,0.126075102562966,0.100070083059142,0.073284274181712,0.063599894540621,0.090302092675391,0.07958123001391,0.124003296206565,0.085109444649319,0.125709200548841,0.070107383686746,0.235258403914927,0.563535460368687,0.977199077606201,2,2.89623975753784
1659631021.17386,1659631022.9163,2,not appropriate,514.867,516.61,0.005595338065177,0.576024293899536,3.32799363136291,1.74244427680969,-9.46132802099794,0.497402812706496,-10.1255228874707,-8.34506544651234,199.49239634895,224.828346214008,69.1222570532915,1169.3613754573,-9.22410383803619,1.14467798830468,-10.2801192735955,-6.54936981468194,3.33763491038523E-09,0.024621213387167,-0.176070515857817,0.168649300532022,-0.263496337179421,0.085826899326384,0.262781366416826,-0.125993242282121,-0.010914519222906,3.72377019069454E-07,0.022050210067049,0.08908642997027,0.136978047938257,0.096739742466197,0.082998126965802,0.127669277197712,0.134987292080033,0.221796809788331,-1.03426050877775E-08,0.007845352344651,-0.157159990953896,0.113413462207547,-0.320810603211829,0.084157057832962,0.185697181231746,-0.205656583873572,0.231318507351774,7.16094168242148E-07,0.013378857610094,0.076128997269941,0.135377614473035,0.049762134984693,0.066350550754927,0.069759217387549,0.058571043365969,0.549391244100889,5.38958794607525E-09,1.27793101201328E-08,0.029706550651486,-0.001291308279431,-0.176437749835605,-0.129492375866508,0.183783903614899,0.154070944104877,-0.232106193981413,-0.317361519509432,0.086918854500565,0.087445216714589,0.258802982720434,0.225522953183613,-0.12442873589535,-0.214077688820228,0.053704968510109,0.253387541987235,3.98950180386125E-07,8.26612503252781E-07,0.014508121510837,0.016006205548991,0.056660576671081,0.078975236858775,0.080155755870958,0.146237268668446,0.075957110006331,0.073485662763856,0.09958285226392,0.064801686188687,0.092266205939566,0.0803362495919,0.083382964474357,0.067847945303208,0.260090007841026,0.451919631123568,0,1,4.83920693397522
1659631024.32742,1659631025.08166,2,not appropriate,518.021,518.775,0.007147959433496,0.409922450780869,1.02106809616089,0.754242181777954,-9.32721016132544,1.11837508747744,-10.2801192735955,-6.74117114473022,175.419559940563,126.662664890082,72.7340217279246,923.524549925931,-9.24779423136546,0.849280526128903,-10.2237822991476,-7.21026252253891,6.71004228782226E-09,0.029603169434972,-0.177085523245182,0.185930738760694,-0.229692491653134,0.085964684500765,0.259097710804814,-0.123605355168044,0.056843503714714,3.97425623855588E-07,0.0153371750601,0.059064433984524,0.077305349117377,0.069662925515655,0.101245507799098,0.088584009292401,0.085035444980471,0.247598714493843,1.11915387922382E-08,-0.001333531745799,-0.129005446117952,0.154308600624529,-0.316244298565478,0.088670276049439,0.226299730669213,-0.214357408090222,0.252437495585163,8.11457742697257E-07,0.016565402012242,0.083646775526301,0.151419177284461,0.074008850883787,0.072861594082339,0.084289743689904,0.069429941332447,0.460870030030156,-8.25056517939407E-09,6.1300115915219E-09,0.028295632145382,0.000387538231699,-0.1948549115409,-0.136339099319831,0.168487429285113,0.123773265341748,-0.256252220803856,-0.293252004969489,0.104742777566918,0.103084768099221,0.281899844989925,0.185889870339796,-0.13992980557898,-0.222639415779129,0.026195122384838,0.336680371893766,3.67313053453297E-07,5.64362034557205E-07,0.012148864643276,0.011684626116684,0.071018815980626,0.064516252510818,0.086876810213456,0.105167782815826,0.149505619714757,0.06337603711089,0.104570481175062,0.11394914648059,0.061630804501805,0.10436170158521,0.081244595873333,0.078222069458272,0.187787294728375,0.538874752072554,0.772051811218262,2,5.81979703903198
1659631025.85371,1659631029.79682,2,not appropriate,519.547,523.49,0.004106268752366,0.313928216695785,1.57610332965851,3.94310474395752,-9.4709359884864,0.738035726061548,-10.1521059328735,-7.73447583480774,185.486449708689,167.978675892592,69.1222570532915,1021.10256986088,-9.95526342957274,0.616613628210397,-10.1842511763318,-6.93945516799195,-3.55578765815561E-09,0.027842421620697,-0.167325405277253,0.207397903311085,-0.229831382884233,0.101556210674661,0.283464989131348,-0.129294215383961,0.045441823006994,5.78501255477803E-07,0.013374907021295,0.076317582264265,0.099952894774392,0.091373447031605,0.078917689871406,0.053105950821221,0.053485597076274,0.289515974973111,-4.28747066640739E-09,0.002764918224907,-0.120085743134677,0.179801339043621,-0.274135916982525,0.084864365226217,0.178239395019542,-0.19971236359157,0.311166067054567,4.36441500576716E-07,0.030677894218354,0.099948258130561,0.171226678969182,0.115217400937837,0.085771033766132,0.125499150037967,0.144787420348812,0.623317318447239,5.53160136490896E-09,5.59469836629502E-09,0.022681368924554,0.00475376995336,-0.182400184195819,-0.130899526869213,0.16591511139497,0.208638645869648,-0.285168104140405,-0.258569459583479,0.109772869321146,0.087036862119406,0.246904950299691,0.171990613019527,-0.161778001526607,-0.199853685883935,0.151353105219903,0.286857193015397,3.71638838771807E-07,5.10261128513519E-07,0.016575755845812,0.022987611032992,0.115697424565234,0.098921023063979,0.077362472257232,0.161730282631952,0.086036654930556,0.118441269497532,0.070185810660918,0.115240822485198,0.117362813663323,0.186558841376048,0.137470696443988,0.207397034097263,0.313978465388603,0.405925615752456,2.55986475944519,-1,9.7629017829895
1659631036.84405,1659631039.70406,2,not appropriate,530.537,533.397,0.000658650416881,0.036215268075466,0.171026930212975,2.86000633239746,-10.0583694936188,0.289227028499493,-10.2331835908353,-8.79942062742652,296.252473047969,396.105077223977,69.1222570532915,2205,-10.0420940610624,0.302037176243362,-10.2385829437167,-8.93881870987572,5.19387321667806E-09,0.027371947127092,-0.179469594392511,0.192087183925201,-0.231882777184829,0.110083385096732,0.258502031608929,-0.12361267150633,0.11542576581398,4.04347246796226E-07,0.012517854439504,0.06507876222969,0.123377994122424,0.104294558161735,0.089716582020155,0.056837095515006,0.063417836994837,0.176325782897439,-5.32419448672253E-09,0.009246096804982,-0.136179162812713,0.132967827651967,-0.299870773619666,0.102144460026821,0.183779760663031,-0.224072224095443,0.269949408332941,4.80410860094632E-07,0.010494079004737,0.037663847472919,0.105550597444867,0.042784836676064,0.093616333126699,0.096116458661899,0.07751582511673,0.58434644150185,-1.52700060546538E-09,4.30468300431776E-09,0.028601430302015,0.007622394479763,-0.153202675824195,-0.145120987871338,0.227975025839977,0.12103871632414,-0.227013259281443,-0.302588258989375,0.096444277188802,0.106975214802801,0.253432501657462,0.181321651549303,-0.126477576763873,-0.224525932046937,0.196391620726609,0.324762804117982,5.4940806428576E-07,5.58604328614138E-07,0.016805381230315,0.010820598143423,0.06245536591936,0.048420538002334,0.083573670580674,0.09124566620598,0.045166393224371,0.036512682569532,0.083190000832274,0.083031571183737,0.106942302413967,0.104049937489592,0.065015282421824,0.062490209981262,0.311046063486346,0.493768150129445,1.65000748634338,1,12.622908115387
1659630570.9961,1659630571.41904,0,not appropriate,64.689,65.112,0,0,0,0.422937393188477,-9.73041455989192,0.460889340283152,-10.3901603415314,-7.97453643179204,203.520690865526,180.838318641367,70.8850090511736,849.350469703325,-9.6411561313973,0.76375995957568,-10.3592744036129,-5.8359438080082,2.81440303750274E-08,0.006447896864424,-0.224805313605781,0.121032019002025,-0.090285129337946,0.119317753110556,0.019886830966248,-0.048992891766083,0.56929653680902,1.03279279788064E-06,0.019450413296476,0.261645649461671,0.223847010282057,0.355385225290062,0.190002680895387,0.228400027255811,0.364539969794523,0.634353926267914,4.8800234128654E-09,0.023708740979703,-0.134784892361002,0.209815046258776,-0.253409304580788,0.1611761349367,0.301490153418447,-0.265159793035587,-0.019166227932572,3.72849651602511E-07,0.035856003363502,0.133293022176801,0.201603600777084,0.114307811246094,0.144883461194052,0.240904926793325,0.226593664378519,0.667108575779574,1.78582040195034E-08,1.01582245804437E-08,0.010031624917741,0.017031140128461,-0.175480855954358,-0.128013475718422,0.219237363455833,0.216322322987349,-0.287040648191753,-0.262233266694659,0.089344496223125,0.172426717589603,0.147452962360043,0.299134643604937,-0.296364871347251,-0.272849644444689,0.538507851877193,-0.04076369269439,7.35330759826216E-07,3.01006004627023E-07,0.017145505306932,0.037201266416517,0.181307004450778,0.120118049110847,0.24289861468036,0.21009648412326,0.12394974605393,0.150906402131129,0.207564770021485,0.109733583396476,0.193108898855121,0.168077174376991,0.145121405127501,0.163038011091437,0.509323117535104,0.826581069006232,0,2,3.49466705322266
1659630590.50803,1659630593.29807,0,not appropriate,84.201,86.991,0.017611281946302,0.793413400650024,3.19344234466553,2.79004693031311,-7.4171893231611,1.6842792004777,-10.5827747872847,-4.10309530152667,213.192977299406,129.506248858375,69.1222570532915,849.085614236745,-8.70098722594944,0.822128544167379,-10.2138978388268,-7.27502369380754,2.0399043572596E-08,0.00921451349608,-0.114084227210278,0.323486079597477,-0.257117376943619,-0.004220850124762,0.328626819318811,-0.19501815281181,,1.19299210300741E-06,0.01459758057346,0.153011875115343,0.194398265987225,0.232237667248314,0.176432628484575,0.263101100689653,0.232851382886448,,-1.93482176405021E-09,0.028743335862087,-0.161223490955744,0.239946784445594,-0.265273397739674,0.132365496189484,0.32912823653454,-0.236159857774762,0.293474958487666,5.67192388601264E-07,0.03464044396903,0.05574441875955,0.156633050646398,0.075192618527503,0.153218068234105,0.212799573602805,0.1822098049962,0.68027955489976,1.66411761933162E-08,1.18671599447635E-08,0.010352333545511,0.018093391974935,-0.109830262685384,-0.137745561811888,0.280284001389782,0.182219305743776,-0.274524795727984,-0.205830884847223,0.007100394425472,0.047987874003335,0.259828538209789,0.218903274849744,-0.245048535234537,-0.159397326911384,0.619738716453837,0.427529874777108,9.75143061248456E-07,3.93678784090373E-07,0.011945643107819,0.026437766946596,0.064511323817369,0.112797936397721,0.0760056397794,0.131562094512412,0.055250550491418,0.080501561215352,0.088547367163411,0.227191541861683,0.065970709258515,0.174066119518604,0.037390029123531,0.158963634309808,0.468114767168868,1.62710897146425,0.22998046875,1,19.5934312343597
1659630600.77085,1659630620.46858,0,not appropriate,94.464,114.162,0.004449719563127,0.317494779825211,2.97927188873291,19.6977317333221,-8.65726094628406,1.68166874021689,-10.2686620700122,-4.88834903253798,184.288870690409,88.232739388241,70.6952785724816,670.300439946062,-8.59649070604759,1.51024438348243,-10.4072641034745,-4.56817514373392,-1.02471749723547E-08,0.009124736515895,-0.095545915675807,0.351981294160538,-0.289839352546633,-0.002866894295834,0.291149336711231,-0.236116551550603,0.494067269144516,9.39983963718266E-07,0.012361709991853,0.06504873455324,0.112529846115641,0.046433516088281,0.086003833644181,0.081078437066963,0.05046142583909,0.492344654051992,-1.10753640914481E-08,0.017272431231188,-0.137757798247826,0.157013259904121,-0.253811074846855,0.083597867803115,0.29410812496569,-0.11799939559854,0.263249765403447,5.50778303042502E-07,0.010953929086846,0.112166905047525,0.130070566763867,0.098677301192934,0.106652068067222,0.067888263376323,0.071171564837654,0.354234048787567,-1.01873234937428E-08,-1.27876049062591E-08,0.011231341630129,0.018718127656872,-0.077319728766409,-0.136664043371917,0.411113768520335,0.128303953621983,-0.245083872333306,-0.277221233372235,-0.016327423069908,0.07752133530329,0.296148777069428,0.289485227847656,-0.25457304574392,-0.140081557499152,0.339708340455786,0.262259267730789,7.15387167841642E-07,5.08596980637558E-07,0.017582959964406,0.018572540696539,0.203869720657883,0.13056778698434,0.195118070156423,0.119185592454555,0.38683531143364,0.07879140685516,0.089060018957342,0.128021481030928,0.105327944088696,0.088923444992076,0.05457959693699,0.088848251899881,0.441885532254907,0.300727506472538,1.14643430709839,0,44.750118970871
1659630621.61501,1659630681.40569,0,not appropriate,115.308,175.099,0.031162882223725,0.558642387390137,2.6322968006134,59.7906801700592,-7.88882677125586,1.0379440609582,-10.080247714032,-5.09781392197306,158.320232633896,96.6441760059376,69.1222570532915,696.831134565599,-10.0060424851165,0.053908788369416,-10.1303385452305,-9.88821697701051,2.43769360682818E-08,0.010694375645517,-0.131677329873408,0.324686072067138,-0.259248325914509,-0.002325972770857,0.293195331020659,-0.211472650231451,0.624676755991351,7.51161499628193E-07,0.016179766810235,0.123375886102269,0.121234033109847,0.203926565422595,0.074799388778699,0.091560377947684,0.134924199285341,0.591173893870037,-5.23723008352594E-09,0.014826009007665,-0.157450146507397,0.114695542289517,-0.272407495440265,0.117068149327464,0.237830510654821,-0.185829659128461,0.142602634293203,5.20069688689693E-07,0.020531619596269,0.059315337629346,0.129339286883338,0.101066469150137,0.116990123826472,0.126024732633907,0.178299417292956,0.46949979449016,1.33231739189497E-08,5.57576730803112E-09,0.011084030302858,0.01359357514438,-0.146116466401775,-0.16802662672315,0.299524296838771,0.100869790925252,-0.272650122039194,-0.260479888518523,-0.005927118268843,0.1325159960538,0.282289559511389,0.204773082383923,-0.225415874692602,-0.248711214580995,0.514079550762755,0.127031439270492,7.88764544801765E-07,4.66764367080307E-07,0.009341048840223,0.022639643166546,0.088135384536235,0.097706571169456,0.095097157472611,0.12810777235448,0.11510945755756,0.101663651695189,0.073351205283766,0.137864440792675,0.071076148461929,0.145233939813783,0.045395816116825,0.193939785857532,0.606476718836358,0.280093146923139,2.53191137313843,1,104.54079914093
1659630703.73758,1659630734.73087,0,not appropriate,197.431,228.424,0.020481739193201,0.680622100830078,4.10269260406494,30.9932897090912,-7.8109693274555,1.40172685059808,-10.3643525764,-5.07036911357135,203.539121579534,96.9034792225686,69.1222570532915,591.171137411068,-8.90031228975572,0.972871887387936,-10.1992523520126,-6.68993874900188,-1.17496393503558E-08,0.011495643773946,-0.136461606468926,0.259375474371414,-0.250981193518939,0.024470538321552,0.230327163324182,-0.174208851266682,0.275504350347484,7.52497433351376E-07,0.017832639947855,0.173392574459901,0.201931070985748,0.309210688009122,0.189869103173164,0.148837302984455,0.408113773685335,0.454098549924185,8.20750242351507E-09,-0.001847160328547,-0.060425009479416,0.113586777204699,-0.234999660009365,0.014171267279424,0.11861102510629,-0.170889777063813,0.038302742067099,3.24653989784513E-07,0.017011410449803,0.028709931352416,0.106447722834838,0.028272069451296,0.077755794879787,0.20345650949817,0.081671415063172,0.19636837197519,-6.60803322455149E-09,-3.99424731372326E-09,0.015013105681848,-0.003543542541377,-0.103055557339833,-0.082840219533101,0.31050721326308,0.10485883997744,-0.278444334089424,-0.247683437160557,-0.000399562261944,0.004199225487777,0.271427497133077,0.143758260748472,-0.229981180891324,-0.157321475027433,0.316322280140969,0.046844095649531,8.17723727409431E-07,3.88426420089108E-07,0.015999622706268,0.033429659409077,0.056475899820432,0.043290896931677,0.088289037067835,0.125693665613926,0.069600126675457,0.052006466226734,0.070274607072967,0.100231823505131,0.068037874442639,0.149357197737991,0.063693923433004,0.080435789365072,0.474002921070773,0.443991095076912,1.09998798370361,0,30.9932897090912
1659630735.83086,1659630746.75815,0,not appropriate,229.524,240.451,0.006173627916723,0.38407975435257,2.03034615516663,10.9272954463959,-8.59254287263277,1.17998241753746,-10.3088981904674,-5.97865216920583,184.081837567164,146.929737962259,69.1222570532915,965.108721255033,-10.0808702152819,0.120658858871343,-10.7342929735364,-9.50802273620332,-2.75271662238701E-08,0.010133099304098,-0.092694146171525,0.327172465526153,-0.282854592165165,0.00658202631255,0.284832624783898,-0.239085889696276,0.38099288945201,1.05355988650404E-06,0.016942849929357,0.077605858089036,0.090774092034397,0.050812877381264,0.063119157196922,0.0718118864249,0.059640489969521,0.523667477603857,1.39450700512392E-09,-0.000766887652805,-0.063878781654123,0.125203032031634,-0.240649208684989,0.036831551129684,0.183832553460493,-0.183616746248526,0.040592911034455,4.1077698917323E-07,0.018304159746973,0.039179533489519,0.083744169527935,0.03415891242439,0.04372089085526,0.109535059246309,0.071474545431606,0.2796036921527,-4.74121663793147E-08,8.38243075316069E-09,0.010842552917133,-0.000750582258235,-0.102313472378748,-0.068776055794023,0.314263923915938,0.12655428676484,-0.292836282116491,-0.241919630402842,-0.010366976331513,0.029431751471724,0.269451696080973,0.192669574728863,-0.24255112713334,-0.180796277369809,0.586373706750034,0.041823325078393,1.15973287950958E-06,4.91282425168736E-07,0.013053126629309,0.016162512390093,0.063024737449656,0.037376913918195,0.09367853394833,0.102054686546742,0.055921413717632,0.030332732046833,0.04468719131017,0.059268326609229,0.063420263785903,0.111107648901089,0.050042519335252,0.077930371951385,0.536242592064024,0.204354795278745,2.23021841049194,1,41.9205851554871
1659630786.11782,1659630790.5383,0,not appropriate,279.811,284.232,0.024671442806721,0.61801940202713,1.41041791439056,4.42048287391663,-7.82106814918508,1.25110636849552,-10.4297299326381,-5.25497477665224,151.239349156993,113.795670470013,69.1222570532915,779.610234487544,-8.23895751505399,1.24406884442859,-10.4759189126086,-3.59233285851118,6.87268439291516E-09,0.013337827644014,-0.085181440981759,0.31208703126866,-0.300242240248849,0.119308459554439,-0.126818925234386,-0.403781895047137,0.7164263306644,6.52078436050688E-07,0.009488612161301,0.04669703816622,0.075143954318864,0.057184397733527,0.091568761559071,0.072917778207526,0.036270542754713,0.448305206198053,-4.56175195467386E-09,-0.00041723701134,-0.053652169649192,0.193407918462886,-0.207524927131724,-0.020675561899676,0.191924202065719,-0.115402684120509,0.097468479290083,4.8483075941927E-07,0.019208784338004,0.047494695196585,0.081981668613682,0.058468551571988,0.073591871258845,0.114386236143033,0.069717604845804,0.304372302673966,2.21602644979688E-08,-1.0896347234E-09,0.015974197514052,-0.004600037543562,-0.093725633001921,-0.076003472972972,0.314848990540016,0.148246328647943,-0.295941935645478,-0.243173737166493,0.16438228205738,-0.018957426908742,-0.103701210302985,0.179267014968139,-0.402108198142295,-0.126165282347286,0.594699881643876,0.113627596190006,8.20404184220621E-07,4.08273585563446E-07,0.008245023907483,0.019169764065235,0.073266707533304,0.047911476414811,0.056858687383026,0.103327095029431,0.034836655139306,0.063710361244076,0.126093305383163,0.060290204488555,0.098104136771257,0.086424029141937,0.04518432822069,0.075227678818751,0.500256134956763,0.271133755059788,0.829766273498535,0,21.276691198349
1659630791.36807,1659630837.41879,0,not appropriate,285.061,331.112,0.008432899601758,0.489307790994644,2.74408507347107,46.0507252216339,-8.03580081396163,1.67520285137731,-10.5045721519158,-4.92806866038507,223.986910193267,179.5753205228,73.4028519102251,1605.98161994815,-8.41335695199301,1.81540313475016,-10.5456981601058,-4.80286272933998,5.12777516505484E-09,0.014876071286167,-0.14671568660022,0.255884710012204,-0.298418012853368,0.121802517386062,-0.062147759740226,-0.230503379972993,0.235549059975418,1.01354397889896E-06,0.018255570974738,0.132263245909421,0.211676592935331,0.196521499129063,0.180750737673161,0.268837134310536,0.274556901952614,0.499917708790598,-1.76885134245945E-08,0.008920691264908,-0.199195267185064,0.154211169458388,-0.28600595558839,0.120229234785193,0.23696925913817,-0.257398733811096,0.112346071717524,5.32388013605007E-07,0.015444753064242,0.048412068438955,0.141748695271972,0.075862671318997,0.076811000773455,0.064525415970625,0.077197534865214,0.295508955026429,3.41520568098065E-10,-2.60776723423169E-09,0.006085937035288,0.007723697800352,-0.152275713540757,-0.199729269573461,0.254316725956219,0.170543660350839,-0.247427808404091,-0.286008350580314,0.036176061252033,0.125849540057477,0.179314123525928,0.219894910635306,-0.225270625178479,-0.229727798625268,0.373941185378754,0.121929377843488,7.52973898119835E-07,4.94576116404638E-07,0.01671875474021,0.019454333374037,0.125505868911056,0.078094757963687,0.169026042423452,0.142349965071656,0.248455912441335,0.105404101773864,0.135527156208642,0.059045653733863,0.161875213862613,0.097131839287601,0.176853975252471,0.099953765161944,0.393668278929224,0.381772677909316,0.840332508087158,0,68.7603893280029
1659630838.25913,1659630850.42019,0,not appropriate,331.952,344.113,0.007765814196318,0.4037024974823,2.02878260612488,12.1610629558563,-8.24969823314098,1.58339236446095,-10.2591286334636,-5.2070400714516,215.132588766347,108.143242141888,71.3517445339989,643.598904661148,-8.56460320151758,1.13125094406444,-10.2992854046526,-5.33778344480051,6.59101079807235E-09,0.008343111333298,-0.203204983793768,0.280242702770873,-0.222595674975092,-0.003653183736353,0.250166358981681,-0.20530141560783,0.450022266667885,7.5484234702751E-07,0.014190240463804,0.201607668314384,0.179278548458683,0.294481217279341,0.184212629257885,0.15706649451317,0.190801181669295,0.452009259726061,-8.11987886785123E-09,0.002692543579408,-0.12204188912036,0.20866724720781,-0.22832557049058,0.0822288101944,0.320537847625522,-0.192491403176888,0.04722368377622,4.9604962404851E-07,0.011600430197357,0.069546763221572,0.192524835703517,0.109357354776526,0.086614579267884,0.078210711067672,0.090749488538229,0.398874524448197,-4.47339179104351E-08,1.76156489847543E-08,0.011410974962311,0.005488576398127,-0.135549919931767,-0.162747126090351,0.304447789939502,0.23299640538947,-0.28100268109463,-0.224420237389404,0.055497123849708,0.103246377030405,0.263131560331509,0.271822098849239,-0.304123151332164,-0.198987986436554,0.50485342321893,0.113984516214559,7.75358110046918E-07,5.50363851569135E-07,0.017007251884825,0.03167785389153,0.05948866988488,0.116797305074786,0.105052341900463,0.215689754099939,0.136178102012732,0.107719404177964,0.140183555729181,0.22238392240973,0.171722316297457,0.263435860878312,0.128657316971592,0.13871310358347,0.346668430355682,0.860469091919365,0.941153049468994,0,80.9214522838593
1659630851.36134,1659630868.36068,0,not appropriate,345.055,362.054,0.006252678576857,0.411566078662872,1.72682738304138,16.9993367195129,-8.21971226004767,1.46773019019983,-10.2802470780861,-4.771927152259,190.879857314908,234.865500518174,69.1222570532915,1857.17436808477,-8.79952401139802,1.21983469682935,-10.245252956906,-5.94460627935342,-3.50891118598482E-08,0.010523287884007,-0.082318234312825,0.390934165614924,-0.28899523923683,0.011185630755387,0.3336014924212,-0.292942993328942,0.585621118431629,9.24446878892772E-07,0.011935807230207,0.085174975116294,0.083996758719441,0.061282727236073,0.098681222667143,0.086780606556214,0.072559278749793,0.500609935562268,-1.5802933648048E-09,0.018182996246574,-0.165951587707548,0.292193722892377,-0.237607038390938,0.049093463586675,0.337709599196569,-0.196840978319347,0.134852162244736,5.49800541275481E-07,0.017755788247769,0.122902529897201,0.184504662974626,0.193548919231271,0.067804834582242,0.076855481142646,0.074713859345468,0.32035108231846,-2.25517612684548E-08,2.09706460798582E-09,0.006879085221251,0.018721848607449,-0.106658391434118,-0.195402356317504,0.33426165395737,0.194296593051499,-0.284080393198513,-0.32505837222484,-0.004386950871461,0.021532884233683,0.288988698253583,0.335497090075915,-0.281488243192293,-0.219866560535618,0.374745856528959,0.133409826206615,6.41228864414136E-07,7.18230059949674E-07,0.012998023533283,0.02073018228729,0.056137031938919,0.093843137745693,0.086053162202337,0.270250740384349,0.043568769475046,0.145880101558425,0.074989492678683,0.059467556052848,0.09833672011549,0.097523144300203,0.071604261021269,0.098116044755699,0.385008529728911,0.242164478898449,0.769898176193237,0,97.9207890033722
1659630869.13058,1659630873.62822,0,not appropriate,362.824,367.321,0.015563723631203,0.781030297279358,1.84103846549988,4.49764609336853,-7.87631740806477,1.40681354438595,-10.3063694949812,-5.06259108292029,155.606284736392,92.5495892595536,70.0054708483259,569.11659949282,-8.75494812367341,1.06650551063129,-10.0970636275476,-5.48710902015603,9.88733442073358E-09,0.006871862684862,-0.069045331125415,0.418941385577314,-0.286355823744811,-0.017237975960321,0.319510534828627,-0.268765047692393,0.71080790488653,1.00922656427258E-06,0.015308173883137,0.080031368059147,0.145277064461803,0.105043870247096,0.060672000428836,0.113442005138896,0.088121008665893,0.584665174438764,-9.0242289125224E-09,0.012650293175973,-0.193865706764466,0.191062839916235,-0.28631664417241,0.109413729484788,0.240422046293263,-0.270142476440842,0.261559702413347,4.59915313090967E-07,0.022942213428405,0.139565340327099,0.339367745821897,0.161757671596312,0.115285619397001,0.238960492907211,0.124136668001141,0.454853968519747,6.08056627987753E-09,5.69712792175189E-09,0.00862152088399,0.024067562125583,-0.073291600742888,-0.241847284333004,0.385850399208479,0.221588706512702,-0.305823740775247,-0.287146607844619,0.013285055549185,0.112307955879696,0.308615262533304,0.293208213584808,-0.294464309652715,-0.205699003824423,0.508517007431608,0.211921538401329,8.64188143997451E-07,4.44953850753979E-07,0.015105546203258,0.017840514712828,0.100567693993025,0.149394711387761,0.081868406276426,0.233931787201746,0.107705274606729,0.196625692688444,0.128985954775298,0.078251095243881,0.088643207235616,0.157070017414213,0.088193525552368,0.100433196505453,0.918223404457672,0.280828775008246,0.126937389373779,1,102.418435096741
1659630874.69219,1659630922.55719,0,not appropriate,368.385,416.25,0.008858319371939,0.491353303194046,2.87894153594971,47.8649971485138,-7.83620861827367,1.48345449748216,-10.6445850709782,-4.59167026938517,234.982653272054,240.73207113525,69.1222570532915,1841.47318337788,-9.75875494999083,0.491741950985017,-10.2819059879321,-8.22060109405005,-4.15589186720047E-09,0.007364321486262,-0.123192675018681,0.299000873121607,-0.251270247454948,-0.008189271941724,0.227523023033001,-0.216801855219907,0.428388823260611,6.02444810278801E-07,0.0176592479798,0.156447024788268,0.129842664683482,0.267429643592274,0.211075319244655,0.203940095149122,0.253041846780122,0.457114542874811,3.72263066340492E-09,0.006673088431994,-0.081304734526342,0.080829220816058,-0.308728151823625,-0.056291344311248,0.278505481493179,-0.099360419694849,0.107336238734922,4.15802272365476E-07,0.030146175839133,0.065847368631411,0.19347585561233,0.05471376630662,0.08009051737883,0.110621077217053,0.121949949763066,0.350873384084557,2.29092511341217E-08,-2.22024756230211E-09,0.006805523923546,0.006191353372098,-0.113507570538606,-0.000895953223378,0.305555984783857,0.115544685265859,-0.282582808515354,-0.226070853264379,0.004743944157349,-0.049581257884389,0.269058056785655,0.22711536592059,-0.235601468919122,-0.160497773146247,0.682527399784165,0.087536549759548,8.93524007630172E-07,3.60105025431597E-07,0.012254470525648,0.043840841859047,0.077239762292177,0.131985666765996,0.082928368393655,0.186485649269932,0.058196428114254,0.150925843723833,0.065251346944386,0.121342998973006,0.054587802529374,0.14843149443316,0.055413809784203,0.166990429411641,0.358123476740208,0.387677365895968,0.799885988235474,1,150.885191917419
1659630949.75845,1659630950.45523,0,appropriate,443.452,444.148,0.004675711970776,0.158306792378426,2.41848945617676,0.69677734375,-9.29896644623495,1.23403443268683,-10.29806944705,-5.13366932831599,204.123916058935,244.039430115249,69.1222570532915,2205,-10.1154322779059,0.098098171766642,-10.2986370354366,-9.6763138477471,-2.2933325016794E-08,0.009148817852237,-0.19058362413606,0.284172449162453,-0.292288144447911,-0.036245252644782,0.262942116792769,-0.250867776956542,0.14392413854848,8.53614721959263E-07,0.018878930397938,0.175601362035189,0.090152880653039,0.090896630154135,0.107034216758177,0.078115746100732,0.086946403005721,0.591644860674488,3.68144566444531E-09,0.004698610411901,-0.030425676525051,0.163014288024962,-0.210458482996333,-0.005729927102962,0.230394913227021,-0.187045641591799,0.106417809002896,4.06519833526274E-07,0.025891427303662,0.079603257509584,0.117714918508321,0.063387454342205,0.12886036825855,0.128509891070486,0.152992327572759,0.328200396755277,1.52040353210595E-08,1.27087366987401E-08,0.009815159764287,0.005949747120952,-0.091063088938181,-0.012099328683335,0.371869413467772,0.155300756421642,-0.225726355784084,-0.170308320042378,-0.053906061209825,0.010711744224276,0.234746190995045,0.215299748728888,-0.168289337899913,-0.184693641482953,0.205021781817046,0.075943380981454,6.49907366125092E-07,4.99558950077777E-07,0.017230505885157,0.032783167094534,0.146389724757318,0.317562664695389,0.106768688954232,0.229937046283277,0.08538310802093,0.34937683959288,0.094547528979924,0.388448537177496,0.094380446594179,0.206462695939998,0.068425610513047,0.242456673601726,0.241352554785555,0.491562463646958,3.14804577827454,-1,176.097997903824
1659631065.27947,1659631115.35883,0,not appropriate,558.973,609.052,0.001432363409549,0.082927152514458,0.777939319610596,50.0793607234955,-8.75741676263746,1.24274846732376,-10.2534148416122,-5.91711130317632,212.941127349312,203.528562229783,69.1222570532915,993.444620098962,-8.36034841663542,0.877615536927385,-10.310038629955,-4.99516886989331,4.81040903884427E-09,0.011529116682481,-0.172855200012066,0.301183324924304,-0.30309217062833,0.075244673858881,0.276063060675165,-0.320306101175095,0.47063805005972,7.38567585504835E-07,0.014409469350264,0.137733618200268,0.122897625799904,0.09697932842123,0.061992838789561,0.087925047282797,0.050681019198477,0.361656033474258,-9.87249198988178E-10,0.011815534904087,-0.162421650284205,0.253080753658555,-0.225812355993711,0.169871410860799,0.283621474522207,-0.145647828952929,0.071215538114502,3.65781587723047E-07,0.018975597403165,0.076547584896752,0.138851761971531,0.061879739022014,0.122117714484922,0.138692588014848,0.123629069181778,0.361521195570796,-2.06973330087582E-08,1.94358724292834E-09,0.016817251258741,0.004768001001042,-0.157817973088686,-0.180747850602529,0.275705756331523,0.206852424185816,-0.310849809539332,-0.25862048543049,0.060192344685817,0.159013657045068,0.268704483604371,0.258977042740403,-0.314304737873404,-0.199907485193267,0.397853359776219,0.202699179393656,4.66792615345973E-07,3.38777047916213E-07,0.014416473534639,0.033329537144527,0.198111451755149,0.102293361277557,0.131331887318274,0.448637293122226,0.133532601587299,0.156170397860605,0.082158757712374,0.130707478507515,0.085152267296279,0.284384041058498,0.069592096172359,0.178807858239811,0.389346093873928,0.795319421213895,1.19791913032532,0,84.2375957965851
1659631116.55675,1659631177.16017,0,needed,610.25,670.853,0.004345853347331,0.168899685144424,0.841898500919342,60.6034209728241,-8.92962217834878,1.06932010212353,-10.2759481162986,-6.48613193260986,148.501449615852,77.5548136006128,69.1222570532915,395.140484732833,-10.1705555403477,0.074812482966663,-10.3394159851881,-9.87206977020406,2.74620268926651E-08,0.018167719664501,-0.161105563131343,0.379832912300535,-0.14547038270668,0.098092784706853,0.402600464946478,-0.202284658351399,0.50917074919853,8.55948096493608E-07,0.020470981789533,0.101513424665633,0.120659664505342,0.15335107495128,0.077210927006313,0.080830099529946,0.111589757709077,0.73584645393131,-6.37772086665675E-09,0.011888533184266,-0.162648050171209,0.249673696118889,-0.240854005959757,0.170058080031402,0.328574836031584,-0.189899391367074,0.052440980104541,5.03547369991322E-07,0.013818510308654,0.066505524682989,0.131011082210235,0.082916127660915,0.067804288230998,0.106483934899456,0.098160937575281,0.268876289097364,-2.62675078820779E-09,1.42153796930443E-09,-0.001268031370558,0.01369126693511,-0.178458115410646,-0.166892594332393,0.330709726668004,0.272463870586928,-0.195783458103595,-0.22788995330067,0.111520667897429,0.127149565552516,0.372876479853329,0.341353305236967,-0.218767771092734,-0.164594057180912,0.462019197836159,0.069584245011252,8.92015873051322E-07,4.35666297892733E-07,0.032245558583594,0.009111974579109,0.107098321371867,0.040859249690682,0.117544624177202,0.089040622271313,0.234198051205453,0.064301031426544,0.138916309510368,0.074214512226284,0.093111898880672,0.07668353797129,0.064205053424027,0.055346906012101,0.419591933098427,0.26434101224974,2.81482410430908,-1,144.841016769409
1659631199.95728,1659631200.59109,0,not appropriate,693.65,694.284,0,0,0,0.633808374404907,-9.25237260640109,1.10953430500286,-10.623397998171,-5.63316171794334,234.919586247379,188.632447018729,69.1222570532915,1274.72734315296,-10.075656244713,0.161722750888694,-10.3710631693924,-9.01755067833878,-1.08797801941453E-08,-0.003322106821398,-0.153626956545296,0.421515570471313,-0.174629906103986,0.047325195288314,0.371175106645294,-0.206522915033632,0.489964236581572,3.60534227783336E-07,0.068386305559979,0.173061589459295,0.178882210192623,0.224739295235859,0.152964128439192,0.202217517392966,0.156500338801302,0.685882109810679,5.03109592248623E-09,0.003383702987293,-0.137974260451915,0.113025373982648,-0.234668713167289,0.137704711568547,0.157898145808911,-0.187427346105845,0.024911715391638,4.18359213649916E-07,0.02522143882825,0.072135006557182,0.171337231153902,0.074253108687877,0.089624015753731,0.159821881032355,0.177934576973707,0.376335033354444,4.59441951508689E-09,5.82839744299054E-09,0.010772537356068,0.016965050288165,-0.041500005435195,-0.122323852200681,0.444783908075745,0.144811635212197,-0.101696913781619,-0.228515035424016,0.101654322357491,0.189693863036723,0.424852529683908,0.18643541683921,-0.111325160686972,-0.288522902248444,0.471710865192707,0.034995981177949,1.16919910992107E-06,4.64738428416423E-07,0.01638496666778,0.038798407653118,0.124528666487623,0.106932449389393,0.110820612987684,0.200177395449445,0.222786673655068,0.099841293827462,0.164799235283817,0.2563751407353,0.180582555299552,0.34607266669239,0.148907730910812,0.363172664291273,0.446283636200107,0.266561985870015,0,1,2.26163744926453
1659631219.05099,1659631219.53225,0,not appropriate,712.744,713.225,0,0,0,0.481257438659668,-9.78396349617202,0.621885517576963,-10.2933090943485,-7.17301205169898,179.825173771367,84.9729414832482,69.3436327172312,394.684930236398,-9.1848771564502,0.983649842878115,-10.4160880478539,-6.75851451913105,2.51850737325963E-08,0.015402028986027,-0.02954172789697,0.53825925257734,-0.019957852567847,0.086712479133802,0.573116478934837,-0.030780653413408,0.317823346688614,7.5096081007144E-07,0.01211282500898,0.049916174742102,0.042547387363547,0.060704679379866,0.036229876648164,0.042636215418745,0.046546082704042,0.468864187907654,3.80217742725122E-09,0.031988283771446,-0.1712928299232,0.241584904921193,-0.243885072817697,0.165701375899288,0.282969531549146,-0.284162949956889,0.096180548645517,3.91057940401764E-07,0.029702178616511,0.095851166838882,0.171325683511954,0.137050331918474,0.189863656373856,0.220741167244092,0.169422963059825,0.451452494683073,-9.49845115106121E-09,-4.55626147378806E-09,0.017900952711947,0.021027502698518,-0.031300164627508,-0.15147581981341,0.546847832528134,0.119012687663252,-0.000661076963132,-0.307849982715432,0.080118741476432,0.12027391924756,0.570128083101297,0.274631434854298,-0.016073650664669,-0.283263057553016,0.435986546849858,0.034788640066441,1.02157025935265E-06,5.10194405425841E-07,0.01422431077818,0.033908227022622,0.035349792455094,0.126042967995704,0.031517579845809,0.330562730180073,0.072819193668953,0.198091033797778,0.037701883513929,0.276801009200008,0.030286029692978,0.256728790285043,0.061561495127237,0.332630117094423,0.541519180111435,0.358806924055705,0.768490314483643,1,17.4303696155548
1659631229.68806,1659631303.84489,0,not appropriate,723.381,797.538,0.010494551621378,0.732133507728577,3.9179265499115,74.1568329334259,-8.07166058683535,0.955272080298737,-10.0077156177034,-6.62349734399439,163.989635978497,59.6601395299168,70.6560764239762,359.733762304267,-9.01607087445102,1.17794074721463,-10.2293252899418,-6.55491604138698,-1.57566807809203E-08,-0.020032317344399,-0.111330189111415,0.386516869474003,-0.093913941542997,-0.02925786407024,0.347619953048015,-0.07074406024109,0.3229691488495,9.9152842966165E-07,0.022375195074858,0.157644944260376,0.139549412154713,0.092672097077777,0.080469277481301,0.088144278089746,0.062036985259686,0.554442846123639,4.22767414613278E-09,0.024412593226474,-0.114949069031411,0.185577941710377,-0.227545583159337,0.095522949664245,0.236657804127357,-0.178998929581448,-0.023564244356044,3.30710332887079E-07,0.014772570631176,0.090179802898387,0.102739114285483,0.063326210549471,0.116569309103809,0.135552831087855,0.074484934772633,0.345428441055876,-1.73233199827993E-09,-1.0790271310223E-09,-0.019188145250864,0.018183109908747,-0.128312637159524,-0.063530277582764,0.381901214599942,0.230761588754804,-0.126483970956638,-0.217692486344672,-0.03699620115352,0.048339466211333,0.330373416321951,0.239255391659737,-0.090469209401077,-0.178702787559452,0.239425933449836,-0.037072518031068,8.11255134555678E-07,2.91803128796532E-07,0.031527882958964,0.014353630573469,0.069496669274689,0.093040659807294,0.089018250931804,0.114412156470147,0.107037590771331,0.082268416532964,0.06114040888836,0.120566680869952,0.065285293809115,0.145399301220498,0.094173302836543,0.071012186863968,0.374856903892705,0.458052400409407,1.46143174171448,0,100.167353868485
1659631305.30632,1659631312.85557,0,not appropriate,799,806.549,0.010653339326382,0.547235429286957,2.5142605304718,7.54924941062927,-8.57148805333152,0.863509305451662,-10.4081667499059,-7.04683859553182,182.370128404798,113.413566842158,69.1222570532915,871.398919980762,-10.0513399034458,0.579117388895161,-10.3842888828907,-6.83651766571888,8.69225782391107E-09,-0.017810350331293,-0.113878198091089,0.393446060368911,-0.113197877488857,-0.059682583758212,0.308637512739116,-0.107284395211394,0.604451756666285,6.78954156035562E-07,0.020242488059324,0.112044623780829,0.090844021150432,0.12760318271625,0.0757193101139,0.123280667565523,0.095152797682277,0.482620558533542,7.37352144708078E-09,0.028204496736766,-0.126928735069404,0.24643687860413,-0.211612072556989,0.106982912972377,0.264087771613986,-0.25604633749332,-0.003402946029093,4.3126075095533E-07,0.019080546427285,0.115248695573912,0.172447105989425,0.1266306305578,0.124034734133732,0.1477149494658,0.169385291481783,0.502639510671646,-4.62497209705664E-09,1.44172587284012E-09,-0.017585987797931,0.039421251508509,-0.11816202897083,-0.135064716031123,0.376140265639634,0.31198013584223,-0.116369608851542,-0.209567476892049,-0.062942982159075,0.128784983637332,0.289156326810386,0.294620594926059,-0.116027977990734,-0.2772919023708,0.607590600755183,0.147173717843209,8.92087328626098E-07,3.2360003910177E-07,0.022747255460567,0.013302466465237,0.128286359935324,0.046576340555897,0.104274668945274,0.061386500279146,0.096275823413245,0.054348704852791,0.076782766060064,0.071753053376649,0.120643417353923,0.07342928327836,0.070993931870024,0.05950886772071,0.417553262162245,0.342595551397658,2.15325260162354,0,107.716603279114
1659631315.00883,1659631316.40456,0,appropriate,808.702,810.098,0.010902024805546,0.705689132213593,4.18241262435913,1.3957347869873,-8.41205202840312,1.41904654120592,-10.3842888828907,-5.26943427575471,186.175762341137,136.636083560365,69.1222570532915,858.843283566526,-9.60183885069401,0.652840677009055,-10.2072486449769,-7.23920972422655,2.16886415637143E-10,-0.022445033274181,-0.122655898356368,0.369926896007661,-0.119195583554257,-0.027504755453523,0.344025590806818,-0.093514539435138,0.436621059891495,5.52709131714493E-07,0.015033398703387,0.110670872410115,0.067124321969649,0.074329716647517,0.078590446125547,0.071859860807254,0.063102035888273,0.686961539556735,3.32959994852839E-09,0.030568479157398,-0.141763893896533,0.301266475736273,-0.211588289111786,0.107176070104965,0.283681861073844,-0.253114001247911,0.12717628200929,3.42710656790718E-07,0.018212370382076,0.088248447810588,0.1377161582486,0.108884321293494,0.133260460677287,0.127577600904884,0.087941856891928,0.381997726921207,1.18255258739441E-08,-2.48134716271229E-09,-0.017998419579049,0.02887871242084,-0.1295902254338,-0.143497269298678,0.354068240036149,0.336102563692561,-0.151118317436149,-0.18538402494928,-0.026330059317255,0.120193229506932,0.334997210904036,0.29871189403868,-0.103198380275227,-0.203110642226724,0.495050486362383,0.133076375690122,7.8114551995525E-07,3.99664814033672E-07,0.012669942720732,0.012547143191281,0.074185044601344,0.056494015775741,0.064284918115989,0.149608299153673,0.060706891716558,0.116074079599659,0.036172226302509,0.047449502424597,0.053537737120161,0.100041468357557,0.047454586937731,0.110063952165442,0.492196661507542,0.690767890406664,0,-1,109.112338066101
